[
    {"id":1,"name":"কুমিল্লা"},
    {"id":2,"name":"ফেনী"},
    {"id":3,"name":"ব্রাহ্মণবাড়িয়া"},
    {"id":4,"name":"রাঙ্গামাটি"},
    {"id":5,"name":"নোয়াখালী"},
    {"id":6,"name":"চাঁদপুর"},
    {"id":7,"name":"লক্ষ্মীপুর"},
    {"id":8,"name":"চট্টগ্রাম"},
    {"id":9,"name":"কক্সবাজার"},
    {"id":10,"name":"খাগড়াছড়ি"},
    {"id":11,"name":"বান্দরবান"},
    {"id":12,"name":"সিরাজগঞ্জ"},
    {"id":13,"name":"পাবনা"},
    {"id":14,"name":"বগুড়া"},
    {"id":15,"name":"রাজশাহী"},
    {"id":16,"name":"নাটোর"},
    {"id":17,"name":"জয়পুরহাট"},
    {"id":18,"name":"চাঁপাইনবাবগঞ্জ"},
    {"id":19,"name":"নওগাঁ"},
    {"id":20,"name":"যশোর"},
    {"id":21,"name":"সাতক্ষীরা"},
    {"id":22,"name":"মেহেরপুর"},
    {"id":23,"name":"নড়াইল"},
    {"id":24,"name":"চুয়াডাঙ্গা"},
    {"id":25,"name":"কুষ্টিয়া"},
    {"id":26,"name":"মাগুরা"},
    {"id":27,"name":"খুলনা"},
    {"id":28,"name":"বাগেরহাট"},
    {"id":29,"name":"ঝিনাইদহ"},
    {"id":30,"name":"ঝালকাঠি"},
    {"id":31,"name":"পটুয়াখালী"},
    {"id":32,"name":"পিরোজপুর"},
    {"id":33,"name":"বরিশাল"},
    {"id":34,"name":"ভোলা"},
    {"id":35,"name":"বরগুনা"},
    {"id":36,"name":"সিলেট"},
    {"id":37,"name":"মৌলভীবাজার"},
    {"id":38,"name":"হবিগঞ্জ"},
    {"id":39,"name":"সুনামগঞ্জ"},
    {"id":40,"name":"নরসিংদী"},
    {"id":41,"name":"গাজীপুর"},
    {"id":42,"name":"শরীয়তপুর"},
    {"id":43,"name":"নারায়ণগঞ্জ"},
    {"id":44,"name":"টাঙ্গাইল"},
    {"id":45,"name":"কিশোরগঞ্জ"},
    {"id":46,"name":"মানিকগঞ্জ"},
    {"id":47,"name":"ঢাকা"},
    {"id":48,"name":"মুন্সিগঞ্জ"},
    {"id":49,"name":"রাজবাড়ী"},
    {"id":50,"name":"মাদারীপুর"},
    {"id":51,"name":"গোপালগঞ্জ"},
    {"id":52,"name":"ফরিদপুর"},
    {"id":53,"name":"পঞ্চগড়"},
    {"id":54,"name":"দিনাজপুর"},
    {"id":55,"name":"লালমনিরহাট"},
    {"id":56,"name":"নীলফামারী"},
    {"id":57,"name":"গাইবান্ধা"},
    {"id":58,"name":"ঠাকুরগাঁও"},
    {"id":59,"name":"রংপুর"},
    {"id":60,"name":"কুড়িগ্রাম"},
    {"id":61,"name":"শেরপুর"},
    {"id":62,"name":"ময়মনসিংহ"},
    {"id":63,"name":"জামালপুর"},
    {"id":64,"name":"নেত্রকোণা"}
]